,count,mean,std,min,25%,50%,75%,max
step,500000.0,243.759976,142.6043992747377,1.0,156.0,239.0,335.0,741.0
amount,500000.0,178877.50167939995,593096.3813237896,0.0,13430.25,74684.63,208384.845,69337316.27
oldbalanceOrg,500000.0,835832.8204753202,2888303.306195382,0.0,0.0,14173.654999999999,107678.25,41699144.49
newbalanceOrig,500000.0,857278.7438374,2924198.879630585,0.0,0.0,0.0,145556.865,41690842.64
oldbalanceDest,500000.0,1100953.6333148598,3354499.5313309645,0.0,0.0,132273.785,942145.9550000001,262940122.72
newbalanceDest,500000.0,1223921.73000556,3622191.627119657,0.0,0.0,213214.52000000002,1110125.3800000001,311404901.41
isFraud,500000.0,0.001286,0.03583781205232185,0.0,0.0,0.0,0.0,1.0
target,500000.0,3.2e-05,0.005656769395872525,0.0,0.0,0.0,0.0,1.0
