,precision,recall,f1-score,support
0,1.0,0.999989999699991,0.9999949998249938,99997.0
1,0.75,1.0,0.8571428571428571,3.0
accuracy,0.99999,0.99999,0.99999,0.99999
macro avg,0.875,0.9999949998499955,0.9285689284839255,100000.0
weighted avg,0.9999925,0.99999,0.9999907142607134,100000.0
